#{"t_start": 1771417279.5559034, "env_id": "None"}
r,l,t
-2285.894582,800,2.757851
-6624.556165,800,3.393773
-9678.854464,800,8.262471
-246.211807,800,8.89954
-848.38493,800,9.565886
-2532.673883,800,14.451564
-3693.524786,800,15.138997
-2210.540088,800,19.827786
-270.937044,800,20.469785
-8292.023579,800,21.163096
-6903.16399,800,25.527639
-4932.911,800,26.202728
-2723.593781,800,30.251788
-4200.887713,800,30.868787
-3125.137553,800,31.517811
-4403.179996,800,35.822497
220.716164,800,36.516176
-4389.367096,800,40.992719
-4718.7395,800,41.755037
-4897.665917,800,42.508939
531.100765,800,45.695654
365.1716,800,46.434581
-1200.425328,800,47.111026
-5119.813283,800,50.775365
-6025.914471,800,51.40249
-5821.405317,800,54.930156
-11025.046219,800,55.584396
-7709.176103,800,56.234669
-2299.945243,800,60.923311
-15010.290038,800,61.724626
-1317.609868,800,65.229843
-16564.909557,800,65.932845
-3600.242096,800,66.600196
-6315.256812,800,70.41544
-1500.775333,800,71.345438
-2430.577091,800,75.326432
-1474.446019,800,75.994869
-3319.79784,800,76.678767
-4806.650037,800,80.329891
-393.365383,800,80.992483
-1126.821638,800,84.44224
-2513.437176,800,85.115793
-5552.594834,800,85.771736
72.609649,800,89.289256
-4104.836948,800,89.974144
-491.060875,800,90.679968
409.128089,800,94.791299
-512.460732,800,95.491193
-4451.745873,800,99.46249
-769.600716,800,100.191605
-1266.896727,800,100.907388
-4889.189546,800,105.417825
-31023.678567,800,106.045043
-2789.674172,800,110.461352
50.608219,800,111.066238
-833.724372,800,111.669577
-37626.292069,800,116.432685
-4117.104016,800,117.078852
-5116.773171,800,121.490363
-106276.970129,800,122.195935
-2420.525372,800,122.876013
-1408.913983,800,127.37857
-157.879152,800,128.111618
-187564.839767,800,128.744809
-27663.609252,800,133.374927
-12512.721355,800,133.998245
-3895.919793,800,138.513305
-3862.882731,800,139.148169
-3330.503218,800,139.774284
-8673.655172,800,144.46303
-1192.717412,800,145.138177
-1430.663689,800,149.702266
347.210594,800,150.394704
-36494.447875,800,151.088368
-39884.042957,800,155.290182
-2134.308733,800,155.960813
-2930.500878,800,160.504061
-3032.527568,800,161.132336
243.867172,800,161.759415
-309.283068,800,166.275764
-406.134684,800,166.896174
-8112.357047,800,171.549277
-7847.246882,800,172.181324
-38020.886833,800,172.801801
-1328.410179,800,177.323874
-124554.448292,800,177.950546
-35194.647181,800,178.570818
-43769.776765,800,183.141198
-85924.932763,800,183.769604
-71735.014,800,188.600986
-228444.171871,800,189.237931
-102782.073646,800,189.878934
-19579.526069,800,194.392588
-10567.962324,800,195.019517
-6938.251772,800,199.576929
-78096.430471,800,200.198377
-51184.621185,800,200.81056
-78146.218885,800,205.311177
-64937.002415,800,205.93369
-38351.821402,800,210.485232
-53224.913233,800,211.126584
-19641.295908,800,211.770979
-307977.669534,800,216.164509
-32135.982214,800,216.801243
-40139.484221,800,221.4574
-183770.268874,800,222.112317
-15543.954432,800,222.741562
-53426.467634,800,227.209457
-8945.480013,800,227.824657
-677.22956,800,228.452401
-37437.249488,800,233.026248
-6238.39938,800,233.659192
-4347.122593,800,238.185285
232.090422,800,238.817068
-7439.539389,800,239.440064
-169.611033,800,243.99305
-4636.274008,800,244.622772
133.312997,800,249.317069
-369.704838,800,249.995192
-54.697856,800,250.663996
-51437.763613,800,255.226439
-26037.987829,800,255.882893
-382.429239,800,260.550521
-71.758916,800,261.191249
171.786358,800,261.814796
331.588948,800,266.360616
-54496.413005,800,266.99905
-21843.863792,800,267.639636
-125671.951321,800,272.232008
-8536.609709,800,272.897156
268.27294,800,277.649384
-147.669561,800,278.334969
-20431.679585,800,279.021712
-4995.331647,800,284.047688
-20.549945,800,284.733284
-132839.526421,800,289.670101
-3547.407746,800,290.358971
-4619.730688,800,291.031341
-861.394658,800,295.748825
-728.213853,800,296.401919
-28132.854092,800,300.931461
-375.876339,800,301.577683
-640.181155,800,302.226541
-8361.603056,800,307.086011
-2086.535228,800,307.75314
-4186.532872,800,312.350305
-200.047422,800,312.972852
799.000139,800,313.596956
-581.264095,800,318.113477
1398.238941,800,318.732608
-283.685756,800,319.383558
-472.602072,800,324.351183
-30.543382,800,325.02284
-350.837113,800,329.781919
226.279992,800,330.536622
-283.675973,800,331.200337
-33166.420165,800,336.021272
-1174.647819,800,336.750982
-254.052047,800,341.84647
949.376762,800,342.587052
799.553671,800,343.364373
-5675.583428,800,348.607976
-37385.567395,800,349.389888
-54777.59085,800,354.220892
-57471.32377,800,354.954678
-3739.088226,800,355.729996
1006.76316,800,360.45063
-72076.262945,800,361.191834
-38680.6086,800,365.868258
-80563.459312,800,366.523357
-17592.638363,800,367.148306
-44758.79703,800,371.919295
-19061.302487,800,372.60338
-56713.40045,800,373.212261
-5792.97494,800,377.771785
-6097.235657,800,378.543296
-53463.530971,800,383.097574
-11113.619019,800,383.737107
-57948.794446,800,384.385651
-9954.032251,800,389.061828
-16418.196065,800,389.789677
-151191.991993,800,394.453169
-45554.342766,800,395.182455
-4788.219103,800,395.888416
-6361.534555,800,400.477556
-12964.559561,800,401.174662
-22951.530676,800,405.901101
-28492.589207,800,406.684257
-30015.98636,800,407.398184
-21722.230111,800,412.270845
-19170.308518,800,412.939541
-16144.070007,800,413.539399
-4313.686047,800,418.225597
-14961.410952,800,418.922347
-4526.411202,800,423.482718
-27436.398294,800,424.252237
-270.184116,800,424.967562
-328.881598,800,429.55172
-856.373637,800,430.206453
-8751.108896,800,434.781894
-11056.331334,800,435.398647
-1447.067433,800,436.065101
611.193291,800,440.735888
563.763605,800,441.405362
-39122.504876,800,446.095922
-66732.755206,800,446.736516
1013.205507,800,447.362715
-10720.666732,800,452.074158
-38649.030414,800,452.811796
-79.492607,800,457.242236
-42183.171672,800,457.940346
-19365.473454,800,458.552002
-59689.846063,800,463.340476
-2534.34171,800,463.963372
154.244151,800,464.594191
923.770274,800,469.156824
400.045427,800,469.897998
-59469.076053,800,474.478962
-2714.25595,800,475.108234
-22191.879125,800,475.950173
-238.165671,800,480.521916
-6971.452031,800,481.148548
-10866.360833,800,485.647721
-1962.470676,800,486.277747
-2453.168483,800,486.90323
-1280.291837,800,491.495437
-499.959526,800,492.130905
-8510.5237,800,496.817636
-191.35326,800,497.455492
-1398.41669,800,498.100096
-2162.085241,800,502.680154
220.073341,800,503.330353
730.631618,800,507.97002
-177.801576,800,508.677157
-585.752163,800,509.349387
-1647.04445,800,513.949316
-101935.31073,800,514.577106
-199.49068,800,515.219839
-59.852037,800,519.765807
-1661.136136,800,520.401614
-16.588467,800,525.028592
749.29314,800,525.669744
-8658.883665,800,526.401942
-11174.213636,800,531.020151
-135386.238481,800,531.651988
-3745.304119,800,536.316675
-59920.938354,800,536.942424
-3860.672682,800,537.667353
-6611.864659,800,542.307501
-279989.966873,800,542.950853
216.281422,800,547.6312
-1694.153136,800,548.258926
-1820.199772,800,548.879561
-289533.487519,800,553.981099
-83709.841553,800,554.605041
-12592.104871,800,555.204272
-2432.346777,800,559.712253
-115029.193147,800,560.364797
-956.698577,800,565.267796
-313.732056,800,565.892577
-161847.736198,800,566.603741
-1601.89893,800,571.25765
-117444.864802,800,572.042556
-4159.046733,800,576.460816
420.136414,800,577.211416
-79443.069496,800,577.916917
-37617.577735,800,582.373729
735.763653,800,583.068734
-1807.768457,800,587.699919
90.271347,800,588.340207
-28826.747751,800,588.970177
-1916.237331,800,593.451885
-6951.096663,800,594.111951
78.511503,800,598.704191
29.232796,800,599.354481
-593.63633,800,600.005949
309.151013,800,604.565229
-146.380958,800,605.196109
268.62536,800,605.824734
3.97829,800,610.612133
-8407.845921,800,611.290427
323.061609,800,615.826605
-2022.137164,800,616.477696
836.654867,800,617.137297
608.04495,800,621.693292
32.607573,800,622.364481
-157.18589,800,626.955569
130.959842,800,627.61706
588.987789,800,628.266812
-4129.651941,800,632.824252
-18812.087856,800,633.477809
-1306.885104,800,638.104999
15.186339,800,638.754777
-253.31805,800,639.403214
-717.853428,800,643.951671
-103.116046,800,644.605517
845.869984,800,649.517398
137.990214,800,650.213178
-14.96145,800,650.898042
377.304453,800,655.497043
283.833959,800,656.156759
439.262642,800,656.834758
815.262096,800,661.410483
522.704922,800,662.062752
-1182.709713,800,666.703385
182.51758,800,667.372007
280.407797,800,668.028859
239.799992,800,672.658663
963.430915,800,673.33713
3.384831,800,677.878649
670.131929,800,678.53761
-707.108121,800,679.192201
698.664434,800,683.828346
316.373563,800,684.530942
803.788101,800,689.020019
181.950069,800,689.697917
106.332259,800,690.410015
736.031896,800,694.857557
131.213327,800,695.530831
170.608634,800,696.196021
333.533005,800,700.953457
846.188015,800,701.615426
-332.484449,800,706.289944
119.748871,800,706.943233
753.143164,800,707.610015
252.263375,800,712.446533
63.449965,800,713.166298
548.068163,800,717.874759
-124.163904,800,718.528434
448.613407,800,719.181877
142.420942,800,723.735466
384.044992,800,724.406778
723.451334,800,728.94284
271.971011,800,729.592656
651.056864,800,730.255428
719.382299,800,734.964451
852.038618,800,735.627916
999.565592,800,740.330737
528.024575,800,741.000358
781.268499,800,741.661793
4.602352,800,746.39128
-26255.599275,800,747.067327
-475.289854,800,747.732697
449.709802,800,752.36389
513.026407,800,753.017879
374.20881,800,757.928203
-7699.701018,800,758.600543
479.193069,800,759.284021
270.745244,800,763.98703
36.709514,800,764.654228
1064.856946,800,769.379931
925.848226,800,770.059058
-1081.835018,800,770.743103
459.983858,800,775.442104
757.44744,800,776.120816
533.031759,800,781.120369
-6300.123497,800,781.795103
-2285.498399,800,782.464059
-4458.757742,800,787.272542
1228.36963,800,787.930897
-464.747051,800,792.32384
201.6181,800,793.01413
659.16117,800,793.686513
-369.467936,800,798.234236
-110.520826,800,798.904729
172.183015,800,799.588569
893.181194,800,804.129204
1372.642918,800,804.774514
628.584204,800,809.403861
551.371507,800,810.027717
1096.056816,800,810.645399
606.017299,800,815.181284
919.462084,800,815.823729
1110.456204,800,820.351182
490.127,800,820.971817
366.448341,800,821.612284
875.627847,800,826.26937
1002.454605,800,826.900706
688.843401,800,831.683951
537.724687,800,832.312892
906.549213,800,832.941207
23.121526,800,837.49293
85.112929,800,838.121244
715.772727,800,838.750676
465.582101,800,843.285924
568.09606,800,844.014942
702.130784,800,848.537982
435.485106,800,849.24788
155.194684,800,850.016049
1348.624584,800,854.534231
1086.617638,800,855.202064
1563.216928,800,859.691326
1584.691677,800,860.356041
1124.581088,800,861.044539
-4566.891388,800,865.744282
217.631315,800,866.42825
921.434617,800,871.132327
364.657854,800,871.782807
946.78463,800,872.434685
639.81111,800,876.988863
254.389046,800,877.684124
-1357.266085,800,882.547679
881.193579,800,883.229544
-54.494451,800,883.889953
653.930524,800,888.654664
-906.057996,800,889.325495
983.490073,800,889.985121
1139.576025,800,894.626359
906.989268,800,895.291148
857.285859,800,899.887203
387.725058,800,900.551792
690.875223,800,901.229088
1111.523885,800,906.00147
1408.23158,800,906.68254
153.288207,800,911.280701
1352.240009,800,911.963915
1138.397187,800,912.642592
649.839354,800,917.343328
810.41858,800,918.035817
-413.011819,800,922.796467
916.854424,800,923.458823
342.940717,800,924.119431
846.820015,800,928.882457
972.572586,800,929.558308
628.316681,800,934.228981
415.29345,800,934.908484
933.693152,800,935.627252
1424.03453,800,939.999308
1161.51369,800,940.660456
1072.952601,800,941.424005
1386.670616,800,946.118063
1063.725295,800,946.75458
1150.751014,800,951.354
1585.384381,800,952.071476
251.968123,800,952.696417
1172.84207,800,957.20513
929.774758,800,957.901491
659.130383,800,962.318413
1100.09868,800,963.007899
1325.646344,800,963.64625
685.500356,800,968.532447
1382.01027,800,969.163392
1512.281553,800,973.837377
1538.156452,800,974.501374
666.52007,800,975.205893
1383.057248,800,979.550669
1441.100888,800,980.353228
-111.875609,800,981.061106
1340.690652,800,985.641644
1437.474777,800,986.303432
375.98112,800,990.969572
1940.8296,800,991.644461
1692.771605,800,992.336981
921.663718,800,996.936535
248.925168,800,997.608064
1863.812144,800,1002.154807
862.936361,800,1002.91081
1395.64989,800,1003.731798
650.373554,800,1008.279718
1725.925642,800,1008.991145
654.267107,800,1013.566001
519.003232,800,1014.250103
1053.804866,800,1014.972354
2919.376667,800,1019.958781
4296.648388,800,1020.627118
-34.284728,800,1025.599228
3452.76809,800,1026.255153
1396.6255,800,1026.887895
2995.373411,800,1031.385755
835.241514,800,1032.042772
1784.038345,800,1032.714381
3305.91244,800,1037.493307
830.531557,800,1038.164127
2790.465077,800,1042.760654
4874.607196,800,1043.42558
4400.692789,800,1044.102015
4359.343511,800,1048.65382
1013.877013,800,1049.324479
1755.125601,800,1053.907549
4995.958976,800,1054.583888
3831.427959,800,1055.273305
5919.209374,800,1060.017578
5390.741265,800,1060.685398
2716.628208,800,1065.455155
4945.253017,800,1066.101428
466.097257,800,1066.88456
5260.567991,800,1071.49357
4869.769038,800,1072.316579
5160.313768,800,1076.314895
3000.809906,800,1077.044887
5366.97624,800,1077.676338
5236.367464,800,1082.143857
2504.647237,800,1082.798523
5234.078525,800,1083.442719
3202.262566,800,1087.896852
3005.212036,800,1088.572586
4262.935187,800,1093.157043
3867.04255,800,1093.800931
4454.212032,800,1094.458212
-3113.705282,800,1099.019817
3321.756836,800,1099.687839
4534.70969,800,1104.374909
6054.410327,800,1105.043201
4223.966591,800,1105.686604
5993.36642,800,1110.331327
3154.501828,800,1110.99719
563.112934,800,1115.644526
5266.263514,800,1116.275032
4955.747484,800,1116.929563
5994.961052,800,1121.553279
3896.27068,800,1122.215439
375.210339,800,1122.884044
-2291.24796,800,1127.425743
3995.370448,800,1128.07575
6105.786669,800,1132.620876
303.259082,800,1133.256552
4205.465625,800,1133.895401
2752.910006,800,1138.425252
2987.921899,800,1139.074853
2568.511683,800,1143.591025
4396.771193,800,1144.252553
3839.690886,800,1144.926573
5259.061058,800,1149.574584
5344.356903,800,1150.210927
6182.589679,800,1154.691855
2340.435168,800,1155.375695
5408.350696,800,1156.026335
4397.362909,800,1160.491547
5311.279286,800,1161.170437
5099.025928,800,1165.613372
4837.559269,800,1166.252721
4337.068167,800,1166.883408
6213.184257,800,1171.407862
4539.427916,800,1172.068995
4476.459064,800,1172.725519
3880.336808,800,1177.399411
3944.210604,800,1178.004815
-4580.441514,800,1182.510602
5716.6329,800,1183.137067
5472.033796,800,1183.811423
3487.36728,800,1188.269024
6043.338843,800,1188.922229
775.401865,800,1193.200589
4791.95883,800,1193.899888
5195.812456,800,1194.54512
5871.652282,800,1199.08048
2500.13546,800,1199.731145
4951.274388,800,1204.183342
4572.544314,800,1204.846657
5536.909808,800,1205.505852
5600.386409,800,1210.090209
5148.365779,800,1210.739488
6191.801832,800,1215.27053
6273.837581,800,1215.976474
5074.399557,800,1216.613654
5237.961483,800,1221.219693
6204.978603,800,1221.854156
5986.102551,800,1222.490541
5021.715761,800,1227.111558
3941.319781,800,1227.744823
2667.679417,800,1232.420344
5402.246737,800,1233.09071
3283.467741,800,1233.759479
3735.910501,800,1238.328187
5242.486638,800,1238.946876
3660.007344,800,1243.496327
5272.072554,800,1244.119908
5962.214918,800,1244.752784
6208.735723,800,1249.290378
3072.450977,800,1249.932241
5660.369157,800,1254.452723
6224.663189,800,1255.084971
5301.894926,800,1255.709994
6122.258855,800,1260.245497
6077.262648,800,1260.884496
5341.908666,800,1261.501951
6163.939284,800,1266.05429
2200.553795,800,1266.690419
6187.797528,800,1271.075305
6076.678197,800,1271.701655
5711.024735,800,1272.36627
5526.942024,800,1276.887897
541.231767,800,1277.533741
5953.478451,800,1282.051227
5459.688116,800,1282.708946
4878.995113,800,1283.367945
4996.945879,800,1287.905593
6182.259299,800,1288.54881
6294.224587,800,1293.163872
2537.955875,800,1293.811144
5934.211954,800,1294.443841
6260.127963,800,1299.043393
6171.471336,800,1299.6848
5413.399155,800,1304.206422
4454.985844,800,1304.851954
6105.154417,800,1305.483026
5147.528602,800,1310.039927
4727.457068,800,1310.66345
5498.411155,800,1311.319271
3940.07882,800,1315.866221
5556.392722,800,1316.53418
5827.371618,800,1321.092763
5488.48934,800,1321.730495
4247.91911,800,1322.377995
5838.536675,800,1326.973017
4805.255603,800,1327.612047
4305.168851,800,1332.415608
5183.327045,800,1333.059744
4964.013805,800,1333.687379
5671.311421,800,1338.23726
5623.536877,800,1338.881873
5831.967066,800,1343.422299
5748.340419,800,1344.077141
2982.993441,800,1344.724332
5280.684556,800,1349.293222
5124.655722,800,1349.937781
5434.297951,800,1354.460507
4399.790312,800,1355.139448
6024.800759,800,1355.777685
5859.140364,800,1360.391515
6191.847135,800,1361.056367
5590.636195,800,1361.742638
-14774.40686,800,1366.508399
4626.479144,800,1367.175383
5404.237428,800,1371.579009
-3552.611695,800,1372.457896
3842.081422,800,1373.233803
-4185.491573,800,1377.787808
2834.350607,800,1378.420557
3424.393799,800,1382.853213
2633.184393,800,1383.522949
6220.756423,800,1384.16736
967.450947,800,1388.744325
3471.049782,800,1389.420791
5736.892027,800,1393.708973
4767.126761,800,1394.339933
4206.488876,800,1394.966748
5247.902093,800,1399.581492
4370.876139,800,1400.219366
5170.6348,800,1400.840092
6185.119774,800,1405.36746
5648.347445,800,1405.989136
-12256.908203,800,1410.665456
4407.513086,800,1411.291877
5757.720985,800,1411.912535
5490.202047,800,1416.768541
5035.649194,800,1417.398638
5410.632821,800,1421.981254
4697.542921,800,1422.609353
5628.611269,800,1423.224733
6073.016016,800,1427.586206
4942.392651,800,1428.210981
2017.434924,800,1432.707943
5138.711659,800,1433.341272
-58151.015907,800,1433.970164
5837.463935,800,1438.725193
4730.507911,800,1439.366482
5130.594851,800,1444.023033
5438.223406,800,1444.667764
6212.591945,800,1445.290718
5293.30316,800,1449.883906
5658.96594,800,1450.513437
5594.479802,800,1451.135566
5939.718908,800,1455.705546
5644.011801,800,1456.37314
6155.13013,800,1461.128419
5303.184684,800,1461.762616
4513.838966,800,1462.394119
5409.05699,800,1467.048515
5356.68286,800,1467.681771
5597.545442,800,1472.271795
5723.934852,800,1472.888405
4944.873289,800,1473.515257
5789.949402,800,1478.218796
5314.941964,800,1478.987126
5601.470757,800,1483.606297
5895.732631,800,1484.248348
6028.971136,800,1484.973491
6260.484614,800,1489.465405
4616.457209,800,1490.163668
4683.512971,800,1494.667913
6330.209611,800,1495.393468
6019.765321,800,1496.066943
4526.401326,800,1500.451761
5279.098825,800,1501.18477
5745.608833,800,1501.887343
6221.122604,800,1507.033869
5288.416771,800,1507.761573
6005.947167,800,1512.945018
5086.183287,800,1513.718489
-10557.089334,800,1514.438643
3758.716597,800,1519.20155
5813.392412,800,1519.822053
6325.635067,800,1524.414715
5463.302325,800,1525.116977
6074.791782,800,1525.827982
5315.011964,800,1530.379374
6035.402952,800,1531.045278
5795.717738,800,1535.674756
6162.109716,800,1536.349732
6021.76853,800,1537.008026
5341.617023,800,1541.541037
5867.196329,800,1542.169092
5758.701782,800,1542.832026
6185.21867,800,1547.400239
-6914.388123,800,1548.038038
5768.358993,800,1552.609597
5695.716975,800,1553.249668
5624.533772,800,1553.883359
3474.422878,800,1558.412134
5274.515668,800,1559.056921
4561.134354,800,1563.602323
6122.925612,800,1564.225921
5766.747674,800,1564.858762
5671.599142,800,1569.424106
-8436.743303,800,1570.069555
-7479.230387,800,1574.392829
5394.116134,800,1575.039173
1677.954532,800,1575.672652
6194.166375,800,1580.338061
5828.377779,800,1581.004767
6319.425616,800,1585.624259
6270.923961,800,1586.319782
5605.610971,800,1586.981706
5545.697182,800,1591.623835
-12499.872574,800,1592.301036
1760.411137,800,1592.967728
5669.587762,800,1597.707335
3677.667386,800,1598.453755
5348.975911,800,1603.162416
-4945.497648,800,1603.780531
5388.75548,800,1604.407468
3556.429555,800,1609.051123
-4541.228471,800,1609.679982
5559.435738,800,1614.220459
5425.523736,800,1614.848649
6124.232491,800,1615.475563
6307.829965,800,1620.211102
-6551.6884,800,1620.839997
5561.101669,800,1625.498135
5654.017815,800,1626.122326
5177.584121,800,1626.748189
6337.559568,800,1631.332398
796.76058,800,1631.96521
6231.474374,800,1636.50001
-18802.81421,800,1637.161115
6092.145557,800,1637.782768
6110.69172,800,1642.466808
-11489.312183,800,1643.104767
6206.315366,800,1643.735951
-391450.602099,800,1648.261657
6171.788818,800,1648.884479
6294.721213,800,1653.679526
6286.647408,800,1654.297937
6138.457413,800,1654.931187
5510.987506,800,1659.475312
6301.330816,800,1660.102134
-13545.673749,800,1664.617365
5316.848334,800,1665.259906
4929.382785,800,1665.897339
-158517.083911,800,1670.498595
6333.589018,800,1671.185629
-17782.126921,800,1675.809013
5342.179668,800,1676.487632
5089.414788,800,1677.170731
-16190.096273,800,1681.760989
-15715.066678,800,1682.429443
6095.852264,800,1683.088472
6166.241155,800,1687.695411
-15381.46883,800,1688.356175
6175.239487,800,1692.679382
5493.719941,800,1693.357775
-8301.087373,800,1694.023147
6330.356142,800,1698.856175
6329.141801,800,1699.514051
-10340.723652,800,1704.165808
-10125.538905,800,1704.835496
-42920.081975,800,1705.50387
6339.037809,800,1710.186229
6313.348175,800,1710.855742
5967.676167,800,1715.445144
-10618.738152,800,1716.114738
-11119.182352,800,1716.784617
-13565.394998,800,1721.353496
5476.700986,800,1722.015991
-11192.764082,800,1726.771307
-12040.987096,800,1727.451462
6323.152342,800,1728.12741
6161.865025,800,1732.798431
-5659.109065,800,1733.44697
5632.093659,800,1734.110403
6081.338502,800,1738.748916
5486.578243,800,1739.415922
-2947.409353,800,1744.002547
3508.734874,800,1744.666066
-21833.965749,800,1745.415553
-6900.005528,800,1749.854577
5557.446534,800,1750.523873
-2577.506346,800,1755.4702
-238784.410028,800,1756.108449
5758.561204,800,1756.8536
5729.727413,800,1761.040875
5700.253917,800,1761.702243
5611.309798,800,1766.285011
5599.053815,800,1766.91013
6309.871502,800,1767.547941
5600.852996,800,1772.175554
5323.734858,800,1772.863132
-1763.224907,800,1777.33667
5773.501134,800,1778.160064
3222.521953,800,1778.88262
5324.588376,800,1783.541857
5507.643252,800,1784.172523
5984.997869,800,1784.81067
6227.777222,800,1789.27654
6061.964743,800,1789.889758
6340.238444,800,1794.431194
6325.554875,800,1795.055461
5405.802797,800,1795.673054
5660.279858,800,1800.290655
6335.219124,800,1800.946279
6342.917903,800,1805.52686
1729.309757,800,1806.146902
5554.288792,800,1806.775018
5638.254337,800,1811.297472
6172.289909,800,1811.913791
5799.494693,800,1816.281548
6285.637303,800,1816.906653
5971.779841,800,1817.541917
5487.008315,800,1822.115157
5361.102683,800,1822.756699
4954.983023,800,1823.392876
4903.202664,800,1827.92371
5176.101002,800,1828.568858
5815.582084,800,1833.082123
6328.910895,800,1833.703212
5493.316603,800,1834.344604
-6162.693363,800,1838.904215
5807.592799,800,1839.544199
4848.120116,800,1844.090842
5524.791274,800,1844.721064
4664.01291,800,1845.339599
6255.275734,800,1849.86439
3095.752111,800,1850.496306
6323.988764,800,1855.12503
149.85895,800,1855.74719
5529.831735,800,1856.37097
3580.467307,800,1860.961959
3811.768445,800,1861.586053
6134.178722,800,1866.187952
5306.617483,800,1866.828545
5618.408397,800,1867.469284
6061.16626,800,1871.848217
4885.763283,800,1872.492286
3337.200036,800,1873.143262
5363.298336,800,1877.828047
5724.100411,800,1878.45962
5586.058533,800,1883.028705
5462.862829,800,1883.653399
5264.139423,800,1884.295146
5095.168815,800,1888.898766
6337.440698,800,1889.523385
6321.728139,800,1894.231838
6326.16971,800,1894.860567
5809.178138,800,1895.499565
3889.435425,800,1900.119841
4083.574388,800,1900.737059
6252.055036,800,1905.356039
5240.05671,800,1906.067276
5425.542975,800,1906.870311
6352.326624,800,1911.265123
5472.849842,800,1912.019767
5923.622556,800,1916.539385
5435.280591,800,1917.217704
5494.98666,800,1917.870602
5879.415449,800,1922.55991
4266.984381,800,1923.227398
-16916.386898,800,1923.889689
5337.827348,800,1928.448504
6090.422651,800,1929.095816
5880.499952,800,1933.522537
5857.27835,800,1934.147047
5662.180287,800,1934.7683
5486.350984,800,1939.305661
5855.591503,800,1939.917273
5845.28783,800,1944.57176
5860.019464,800,1945.193015
5241.284808,800,1945.814615
1458.636903,800,1950.353361
5587.148866,800,1951.073582
6291.075779,800,1955.948933
5640.46435,800,1956.776164
4367.138722,800,1957.497791
5836.267779,800,1962.0054
4336.580937,800,1962.648967
5842.459235,800,1963.29236
4039.377273,800,1967.767689
5438.831996,800,1968.443576
5680.360463,800,1973.120091
6145.68401,800,1973.779937
6166.973406,800,1974.444863
6282.67796,800,1979.853487
5088.11046,800,1980.513916
-5085.536646,800,1984.917586
5830.114753,800,1985.547249
6334.703526,800,1986.18276
5799.71393,800,1990.730387
4507.983678,800,1991.381053
4751.827519,800,1995.990183
5752.650963,800,1996.619892
6255.71779,800,1997.253411
-399251.570145,800,2001.814129
5536.826146,800,2002.441432
5705.811578,800,2006.972889
5875.616227,800,2007.614911
5756.34371,800,2008.259007
4386.175645,800,2012.786206
5875.046843,800,2013.41191
-5488.532412,800,2014.054914
5808.362391,800,2018.575433
6137.523313,800,2019.218058
6003.938807,800,2023.748815
6302.459677,800,2024.382295
6358.086097,800,2025.022482
6270.143171,800,2029.607765
4379.03664,800,2030.261355
5800.810113,800,2034.806996
5994.159065,800,2035.443449
5908.293017,800,2036.090174
6190.284702,800,2040.612068
-4600.781794,800,2041.28505
-4072.167726,800,2045.853237
6274.953766,800,2046.486379
5667.987008,800,2047.111847
6356.053249,800,2051.624246
4432.756292,800,2052.351132
4858.820691,800,2057.014146
4533.928535,800,2057.823893
5648.932502,800,2058.516469
5933.629156,800,2063.413795
141.816089,800,2064.084706
6100.360896,800,2064.857526
5115.949081,800,2069.576131
6223.083182,800,2070.215861
5589.822712,800,2074.962178
2562.16231,800,2075.592657
5116.666819,800,2076.214064
5392.311713,800,2080.897504
5849.660161,800,2081.533487
6127.065859,800,2086.27808
5149.822606,800,2086.911484
6185.594966,800,2087.526701
-4199.214509,800,2092.320399
6362.933168,800,2092.947512
5586.362472,800,2097.534715
5401.65712,800,2098.258677
2458.443957,800,2098.899294
-410.466197,800,2103.463391
4604.189547,800,2104.113376
6120.535066,800,2104.815253
6204.687015,800,2109.355446
3089.014606,800,2110.020977
5855.498531,800,2114.72313
5786.387009,800,2115.471674
4875.485169,800,2116.113184
4635.820172,800,2120.060842
4038.02189,800,2120.750919
4912.870486,800,2125.053054
6348.35038,800,2125.704195
-93848.898527,800,2126.39351
4577.855412,800,2130.282614
5910.904879,800,2131.030521
4475.085981,800,2135.203174
4510.596467,800,2135.891881
6188.977519,800,2136.733491
-42498.047924,800,2140.756692
6116.015322,800,2141.527797
5385.322626,800,2146.074702
5438.892551,800,2146.795939
4794.145397,800,2147.46414
6262.710522,800,2152.014158
5959.682475,800,2152.655246
3356.294355,800,2153.315347
5662.742228,800,2157.410885
5963.271154,800,2158.111064
1415.393391,800,2162.537342
-4913.151428,800,2163.212721
5994.484533,800,2163.856912
5604.359765,800,2168.622543
-1362.154095,800,2169.254505
4694.967463,800,2173.470013
5537.182435,800,2174.089857
5641.400894,800,2174.722926
-1148.964331,800,2179.32431
5543.256052,800,2179.945683
5117.916749,800,2184.640705
6267.395588,800,2185.251725
5680.77043,800,2185.868222
5668.3738,800,2190.471526
3568.142893,800,2191.105097
6220.632532,800,2195.686172
5508.000516,800,2196.346087
693.347763,800,2196.97214
5435.774276,800,2201.531422
5216.937789,800,2202.165894
5506.141496,800,2202.85035
4768.313145,800,2207.427286
5149.878797,800,2208.050956
6166.32585,800,2212.661083
5520.232868,800,2213.281194
6247.536184,800,2213.918253
6096.049103,800,2218.643971
5786.843072,800,2219.410784
6336.518069,800,2224.143604
5099.438582,800,2224.953271
5584.714144,800,2225.654086
5688.870909,800,2230.085515
2335.46225,800,2230.71199
5487.203554,800,2234.91138
4702.824612,800,2235.547667
5882.179515,800,2236.194497
5361.051806,800,2240.616843
6305.920203,800,2241.283472
4518.431117,800,2241.956862
6336.669069,800,2246.397137
6129.093893,800,2247.030754
6261.120007,800,2251.583482
854.382424,800,2252.346626
4742.220005,800,2253.04811
6351.163174,800,2257.621127
5217.396546,800,2258.254808
1126.077063,800,2262.7927
6226.37597,800,2263.442184
6094.218746,800,2264.115232
6357.784773,800,2268.635849
5314.898098,800,2269.263133
-901726.430166,800,2273.805539
5384.053583,800,2274.433231
-1703919.654751,800,2275.063748
6076.928126,800,2279.679899
-65001.358233,800,2280.327588
3842.307998,800,2284.786234
-28180.592662,800,2285.494092
4663.022855,800,2286.185754
4348.670888,800,2290.867419
3781.375901,800,2291.517543
6273.368172,800,2292.16375
6355.144887,800,2296.772668
6300.330213,800,2297.436121
-259993.174719,800,2302.009171
5967.313927,800,2302.626832
4481.042037,800,2303.236588
4620.485512,800,2307.505125
4575.324295,800,2308.132493
4729.635284,800,2312.724126
5246.015251,800,2313.355137
6298.87584,800,2313.983354
5879.709606,800,2318.479239
-9155.174527,800,2319.11263
6189.419992,800,2323.627563
-80007.409852,800,2324.255126
4946.907808,800,2324.894912
-34144.53365,800,2329.395546
2533.143799,800,2330.018849
6354.832599,800,2334.517654
1449.177651,800,2335.171199
4728.822487,800,2335.799779
4308.69717,800,2340.448566
5753.8384,800,2341.073968
6155.102832,800,2341.690543
4286.627387,800,2346.190377
-1517.480541,800,2346.821013
5084.688908,800,2351.406023
5263.823027,800,2352.034225
5489.089039,800,2352.679013
-2340178.593597,800,2357.246459
5686.504831,800,2357.899233
5385.35645,800,2362.546477
6353.23014,800,2363.172727
5498.281531,800,2363.802366
6276.542525,800,2368.133579
-165598.551575,800,2368.863289
6248.087694,800,2372.885345
2298.573467,800,2373.695984
6053.646675,800,2374.568321
4819.316521,800,2379.22162
-29938.121019,800,2379.916651
5879.905888,800,2380.568131
3827.73852,800,2385.049592
6120.498174,800,2385.678906
4703.194332,800,2390.506163
6273.800304,800,2391.143474
6357.791008,800,2391.787093
4596.137869,800,2396.386313
-85057.89262,800,2397.074477
5890.859947,800,2401.725176
3267.010801,800,2402.352891
5260.826717,800,2402.998869
868.654907,800,2407.649527
5594.981503,800,2408.3477
5978.077383,800,2412.668892
2490.476998,800,2413.334271
-135322.625187,800,2414.003007
6028.971395,800,2418.837033
6191.665993,800,2419.505151
5578.141677,800,2424.105114
4393.918117,800,2424.789231
4693.163309,800,2425.446946
6183.009373,800,2430.162756
6317.996911,800,2430.807014
6358.62617,800,2431.481732
6238.977458,800,2436.161736
-1788024.965219,800,2436.89253
744.069869,800,2441.160314
5788.401482,800,2441.816404
6071.718338,800,2442.464619
5237.165483,800,2447.110828
5532.236773,800,2447.765155
-57771.183359,800,2452.346442
5658.227316,800,2453.030171
3864.141442,800,2453.697844
5567.035463,800,2458.258659
5777.229208,800,2458.920915
6240.428485,800,2463.806668
6246.02162,800,2464.483162
6110.024304,800,2465.165851
614.947171,800,2469.906184
5916.03787,800,2470.580472
5704.921195,800,2475.059961
6097.379159,800,2475.744884
4107.43082,800,2476.395459
4985.002381,800,2480.857836
5791.29353,800,2481.489314
4896.490744,800,2482.134907
4500.472535,800,2486.695706
5874.1351,800,2487.350324
5907.231603,800,2492.012619
3873.866826,800,2492.640871
5617.826397,800,2493.28052
5431.959549,800,2497.795546
6297.109229,800,2498.443255
5308.785121,800,2503.001899
6273.600355,800,2503.628447
6315.997036,800,2504.262832
6356.108234,800,2508.827222
5296.372382,800,2509.459456
5511.208748,800,2514.015336
6354.750051,800,2514.655386
3052.94046,800,2515.290109
5935.201694,800,2519.814469
-43013.467738,800,2520.477265
5574.793097,800,2521.119936
4417.837541,800,2525.657268
5503.272356,800,2526.297903
5654.487277,800,2530.837165
5914.314203,800,2531.471983
5390.88756,800,2532.098789
5694.554546,800,2536.694205
5507.49061,800,2537.315646
5604.185764,800,2542.024956
6208.651057,800,2542.647701
6295.463311,800,2543.279193
5745.83039,800,2547.820286
4508.316511,800,2548.452712
6148.776806,800,2552.94694
5400.649222,800,2553.580953
5202.521899,800,2554.197718
5227.743588,800,2558.697317
-673385.382539,800,2559.326419
4859.041453,800,2563.837308
6234.42536,800,2564.477995
5109.684863,800,2565.103369
-1727982.213478,800,2569.877307
-9366.183567,800,2570.537336
5499.268096,800,2571.222711
5835.604462,800,2576.00796
6310.023909,800,2576.6701
6052.3101,800,2581.263835
5176.876783,800,2581.915253
5786.380727,800,2582.586971
6254.365194,800,2587.169932
6196.023108,800,2587.833987
5345.794332,800,2592.700961
4977.630911,800,2593.372703
5938.234904,800,2594.054124
5707.218642,800,2598.78111
6239.60169,800,2599.444356
5059.824386,800,2604.073865
5400.945719,800,2604.759667
5642.000605,800,2605.426774
5307.523393,800,2610.199011
-87003.399088,800,2610.871717
3716.972211,800,2615.515497
5993.571628,800,2616.191669
4488.624113,800,2616.855506
5200.61851,800,2621.549649
5237.129824,800,2622.20999
5681.074176,800,2622.866203
5918.505464,800,2627.501775
5688.354103,800,2628.169919
5696.441532,800,2632.76705
6363.825236,800,2633.4282
6211.786401,800,2634.10424
6319.05743,800,2638.764872
2708.697712,800,2639.450648
5490.47001,800,2644.491848
4546.611562,800,2645.169365
6352.66267,800,2645.840332
6358.889972,800,2650.581769
3681.72103,800,2651.253625
6294.393045,800,2655.742666
5520.655884,800,2656.421932
6319.192566,800,2657.073363
5420.19794,800,2661.762224
5813.945096,800,2662.431182
-627009.597981,800,2663.093053
5435.309671,800,2667.665811
5341.046667,800,2668.345751
4524.409115,800,2672.949723
5539.675362,800,2673.619258
5755.593413,800,2674.293707
5390.136317,800,2679.010558
5449.428123,800,2679.679493
6332.596831,800,2684.213163
5526.919756,800,2684.889511
5901.075865,800,2685.530995
-16802.142441,800,2690.138271
5535.295297,800,2690.780689
5335.326271,800,2695.589514
4875.608492,800,2696.237716
5475.084593,800,2696.870686
-284836.584345,800,2701.541369
4865.905113,800,2702.179714
5760.247294,800,2706.690648
6323.391546,800,2707.434915
5333.263277,800,2708.104659
6265.566238,800,2712.691332
5396.091684,800,2713.395185
4837.823784,800,2714.028951
6322.989281,800,2718.813844
6341.316931,800,2719.587163
3269.897074,800,2724.281962
-771230.333497,800,2725.027342
5661.47403,800,2725.671678
5250.237666,800,2730.340482
5769.675821,800,2730.993132
6315.204681,800,2735.034362
5947.849346,800,2735.709099
5370.63747,800,2736.442734
5692.433514,800,2740.461154
6148.825125,800,2741.107257
